<?xml version="1.0" encoding="UTF-8" standalone="yes"?>
<ns2:ExportManifest xmlns:ns2="http://www.pentaho.com/schema/">
    <ExportManifestInformation exportDate="21-06-2017 06:26:29 BST" exportBy="admin" rootFolder="/public/Sandbox/SVG Component/" manifestVersion="2"/>
    <ExportManifestEntity path="SVG Component Sample">
        <ExportManifestProperty>
            <EntityMetaData name="SVG Component Sample" createdDate="2017-05-19T10:48:05.592+01:00" isFolder="true" path="SVG Component Sample" isHidden="false" locale="en_US" title="SVG Component Sample"/>
        </ExportManifestProperty>
        <ExportManifestProperty>
            <EntityAcl>
                <entriesInheriting>true</entriesInheriting>
                <owner>admin</owner>
                <ownerType>USER</ownerType>
            </EntityAcl>
        </ExportManifestProperty>
    </ExportManifestEntity>
    <ExportManifestEntity path="SVG Component Sample/Resources">
        <ExportManifestProperty>
            <EntityMetaData name="Resources" createdDate="2017-05-19T10:49:28.694+01:00" isFolder="true" path="SVG Component Sample/Resources" isHidden="false" locale="en_US" title="Resources"/>
        </ExportManifestProperty>
        <ExportManifestProperty>
            <EntityAcl>
                <entriesInheriting>true</entriesInheriting>
                <owner>admin</owner>
                <ownerType>USER</ownerType>
            </EntityAcl>
        </ExportManifestProperty>
    </ExportManifestEntity>
    <ExportManifestEntity path="SVG Component Sample/Resources/template.css">
        <ExportManifestProperty>
            <EntityMetaData name="template.css" createdDate="2017-05-19T10:49:34.377+01:00" isFolder="false" path="SVG Component Sample/Resources/template.css" isHidden="true" locale="en_US" title="template"/>
        </ExportManifestProperty>
        <ExportManifestProperty>
            <EntityAcl>
                <entriesInheriting>true</entriesInheriting>
                <owner>admin</owner>
                <ownerType>USER</ownerType>
            </EntityAcl>
        </ExportManifestProperty>
    </ExportManifestEntity>
    <ExportManifestEntity path="SVG Component Sample/people_icon.svg">
        <ExportManifestProperty>
            <EntityMetaData name="people_icon.svg" createdDate="2017-05-19T10:48:50.207+01:00" isFolder="false" path="SVG Component Sample/people_icon.svg" isHidden="true" locale="en_US" title="people_icon"/>
        </ExportManifestProperty>
        <ExportManifestProperty>
            <EntityAcl>
                <entriesInheriting>true</entriesInheriting>
                <owner>admin</owner>
                <ownerType>USER</ownerType>
            </EntityAcl>
        </ExportManifestProperty>
    </ExportManifestEntity>
    <ExportManifestEntity path="SVG Component Sample/sample_svg_component.cda">
        <ExportManifestProperty>
            <EntityMetaData name="sample_svg_component.cda" createdDate="2017-05-19T10:48:50.379+01:00" isFolder="false" path="SVG Component Sample/sample_svg_component.cda" isHidden="false" locale="en_US" title="sample_svg_component.cda"/>
        </ExportManifestProperty>
        <ExportManifestProperty>
            <EntityAcl>
                <entriesInheriting>true</entriesInheriting>
                <owner>admin</owner>
                <ownerType>USER</ownerType>
            </EntityAcl>
        </ExportManifestProperty>
    </ExportManifestEntity>
    <ExportManifestEntity path="SVG Component Sample/sample_svg_component.cdfde">
        <ExportManifestProperty>
            <EntityMetaData name="sample_svg_component.cdfde" createdDate="2017-05-19T10:48:50.423+01:00" isFolder="false" path="SVG Component Sample/sample_svg_component.cdfde" isHidden="false" locale="en_US" title="sample_svg_component.cdfde"/>
        </ExportManifestProperty>
        <ExportManifestProperty>
            <EntityAcl>
                <entriesInheriting>true</entriesInheriting>
                <owner>admin</owner>
                <ownerType>USER</ownerType>
            </EntityAcl>
        </ExportManifestProperty>
    </ExportManifestEntity>
    <ExportManifestEntity path="SVG Component Sample/sample_svg_component.wcdf">
        <ExportManifestProperty>
            <EntityMetaData name="sample_svg_component.wcdf" createdDate="2017-05-19T10:48:50.467+01:00" isFolder="false" path="SVG Component Sample/sample_svg_component.wcdf" isHidden="false" locale="en_US" title="Sample Svg Component"/>
        </ExportManifestProperty>
        <ExportManifestProperty>
            <EntityAcl>
                <entriesInheriting>true</entriesInheriting>
                <owner>admin</owner>
                <ownerType>USER</ownerType>
            </EntityAcl>
        </ExportManifestProperty>
    </ExportManifestEntity>
</ns2:ExportManifest>
