<?xml version="1.0" encoding="UTF-8" standalone="yes"?>
<ns2:ExportManifest xmlns:ns2="http://www.pentaho.com/schema/">
    <ExportManifestInformation exportDate="15-05-2017 05:34:02 BST" exportBy="admin" rootFolder="/public/plugin-samples/pentaho-cdf-dd/pentaho-cdf-dd-require/tests/" manifestVersion="2"/>
    <ExportManifestEntity path="SVGComponent">
        <ExportManifestProperty>
            <EntityMetaData name="SVGComponent" createdDate="2017-05-15T14:29:47.080+01:00" isFolder="true" path="SVGComponent" isHidden="false" locale="en_US" title="SVGComponent"/>
        </ExportManifestProperty>
        <ExportManifestProperty>
            <EntityAcl>
                <entriesInheriting>true</entriesInheriting>
                <owner>admin</owner>
                <ownerType>USER</ownerType>
            </EntityAcl>
        </ExportManifestProperty>
    </ExportManifestEntity>
    <ExportManifestEntity path="SVGComponent/people_icon.svg">
        <ExportManifestProperty>
            <EntityMetaData name="people_icon.svg" createdDate="2017-05-15T16:09:22.048+01:00" isFolder="false" path="SVGComponent/people_icon.svg" isHidden="true" locale="en_US" title="people_icon"/>
        </ExportManifestProperty>
        <ExportManifestProperty>
            <EntityAcl>
                <entriesInheriting>true</entriesInheriting>
                <owner>admin</owner>
                <ownerType>USER</ownerType>
            </EntityAcl>
        </ExportManifestProperty>
    </ExportManifestEntity>
    <ExportManifestEntity path="SVGComponent/sample_svg_component.cda">
        <ExportManifestProperty>
            <EntityMetaData name="sample_svg_component.cda" createdDate="2017-05-15T14:03:52.785+01:00" isFolder="false" path="SVGComponent/sample_svg_component.cda" isHidden="false" locale="en_US" title="sample_svg_component.cda"/>
        </ExportManifestProperty>
        <ExportManifestProperty>
            <EntityAcl>
                <entriesInheriting>true</entriesInheriting>
                <owner>admin</owner>
                <ownerType>USER</ownerType>
            </EntityAcl>
        </ExportManifestProperty>
    </ExportManifestEntity>
    <ExportManifestEntity path="SVGComponent/sample_svg_component.cdfde">
        <ExportManifestProperty>
            <EntityMetaData name="sample_svg_component.cdfde" createdDate="2017-05-15T12:40:13.354+01:00" isFolder="false" path="SVGComponent/sample_svg_component.cdfde" isHidden="false" locale="en_US" title="sample_svg_component.cdfde"/>
        </ExportManifestProperty>
        <ExportManifestProperty>
            <EntityAcl>
                <entriesInheriting>true</entriesInheriting>
                <owner>admin</owner>
                <ownerType>USER</ownerType>
            </EntityAcl>
        </ExportManifestProperty>
    </ExportManifestEntity>
    <ExportManifestEntity path="SVGComponent/sample_svg_component.wcdf">
        <ExportManifestProperty>
            <EntityMetaData name="sample_svg_component.wcdf" createdDate="2017-05-15T12:40:13.287+01:00" isFolder="false" path="SVGComponent/sample_svg_component.wcdf" isHidden="false" locale="en_US" description="Sample to Svg Component" title="Sample Svg Component"/>
        </ExportManifestProperty>
        <ExportManifestProperty>
            <EntityAcl>
                <entriesInheriting>true</entriesInheriting>
                <owner>admin</owner>
                <ownerType>USER</ownerType>
            </EntityAcl>
        </ExportManifestProperty>
    </ExportManifestEntity>
</ns2:ExportManifest>
